{"cameraMode":{"drawMode":0,"name":"Shaded","section":"Shading Mode"},"sceneLighting":true,"audioPlay":false,"sceneViewState":{"showFog":true,"showMaterialUpdate":false,"showSkybox":true,"showFlares":true,"showImageEffects":true,"showParticleSystems":true},"in2DMode":false,"pivot":{"x":-4.146512985229492,"y":-3.8554697036743166,"z":-17.753660202026368},"rotation":{"x":0.0019976478070020677,"y":-0.983754575252533,"z":0.17932748794555665,"w":0.01092484686523676},"size":24.621877670288087,"orthographic":false}